{"cameraMode":{"drawMode":0,"name":"Shaded","section":"Shading Mode"},"sceneLighting":true,"audioPlay":false,"sceneViewState":{"m_AlwaysRefresh":false,"showFog":true,"showSkybox":true,"showFlares":true,"showImageEffects":true,"showParticleSystems":true,"showVisualEffectGraphs":true,"m_FxEnabled":true},"in2DMode":false,"pivot":{"x":-113.05242919921875,"y":-130.51315307617188,"z":304.02960205078127},"rotation":{"x":0.19350410997867585,"y":-0.18419916927814485,"z":0.037015002220869067,"w":0.9629421234130859},"size":180.09329223632813,"orthographic":false}